Quarter,Product_A,Product_B,Product_C,Product_D,Total_Sales
Q1,76.66666666666667,62.333333333333336,41.333333333333336,31.0,634
Q2,73.0,38.0,45.666666666666664,23.333333333333332,540
Q3,76.0,61.666666666666664,30.333333333333332,21.333333333333332,568
Q4,64.33333333333333,49.333333333333336,40.666666666666664,27.333333333333332,545
